English/Pinyin,Notes,GND,Chinese,Tibetan 1,Tibetan 2,Tibetan 3,Tibetan 4,Tibetan 5,Tibetan 6,Tibetan 7,Tibetan 8,Tibetan 9,Tibetan 10,Tibetan 11,Tibetan 12,Tibetan 13
Adam's Peak,Śrīpādaparvata,,亞當峰,རི་བོ་ཤྲཱི་པ་ད་,,,,,,,,,,,,
Afghanistan,,https://explore.gnd.network/gnd/4000687-6,阿富汗,ཨཕེ་ག་ནི་སི་ཐན་,ཨབ་གྷན་,ཨ་ཕུ་ཧོན་,ཨ་ཕ་ཀ་ནི་ས་ཏན་,,,,,,,,,
Africa,,https://explore.gnd.network/gnd/4000695-5,非洲,ཧྥིས་གླིང་,ཨ་ཕེ་རི་ཀ་,ཧྥུས་གླིང་,པེ་,ཨ་ཕི་རི་ཀ་,ཨེབ་རོ་,ཧྥའི་ཀྲུའུ་,ཧྥའི་,ཧིས་ཀྲུའུ་,ཨ་ཕི་རི་ཀ་,ཨབ་རི་ཀ་,,
Agra,,,阿格拉,ཨག་ར་,,,,,,,,,,,,
Ajanta,,,阿旃陀,ཨ་ཇན་ཏ་,,,,,,,,,,,,
Ajmer,,,阿傑梅爾,ཨཇི་མེར་,,,,,,,,,,,,
Aksay,,https://explore.gnd.network/gnd/1058332473,阿克塞,ཨར་ཁེ་ཙེ་,,,,,,,,,,,,
Alabama,,,亞拉巴馬,ཡ་ལའ་པའ་མའ་,,,,,,,,,,,,
Albania,,https://explore.gnd.network/gnd/4001028-4,阿爾巴尼亞,ཨར་པ་ཉི་ཡ་,ཨར་སྤ་ཉིས་ཡ་,ཨུ་རི་པ་འགྱི་ཡ་,ཡར་སྤ་ཉི་ཡ་,ཨལ་བྷད་ནི་ཡ་,ཨར་པ་ནི་ཡ་,,,,,,,
Algeria,,https://explore.gnd.network/gnd/4001179-3,阿爾及利亞,ཨལ་ཇི་རི་ཡ་,,,,,,,,,,,,
Algiers,,,阿爾及爾,ཨལ་འཇི་ཡར་སེ་,,,,,,,,,,,,
Alishan,,,阿里山,ཨ་ལི་,,,,,,,,,,,,
Allahabad,Prayagraj,,安拉阿巴德,ཨ་ལ་ཧ་བ་ད་,ཨ་ལ་ཧ་བྷ་ད་,,,,,,,,,,,
Almaty,,,阿拉木圖,ཨ་ནཱ་མུ་ཐུ་,ཨ་ལ་མུ་ཐུ་,ཨ་ལ་མོའུ་ཐོའུ་,,,,,,,,,,
Altai Mountains,,,阿爾泰山,ཨར་ཐེའི་,ཨ་ལི་ཐའེ་,,,,,,,,,,,
Altyn-Tagh,,,阿爾金山,ཨལ་རྟེན་ཏའི་རི་,,,,,,,,,,,,
Ambala,,,安巴拉,ཨམྦ་ལ་,,,,,,,,,,,,
Amdo,,https://explore.gnd.network/gnd/4079747-8,安多,ཨ་མདོ་,རྟའི་ཆོལ་ཁ་,མདོ་སྨད་,,,,,,,,,,
America,,https://explore.gnd.network/gnd/4078704-7,美國,ཨ་མི་རི་ཀ་,ཨ་མེ་རི་ཀ་,མེ་གོ་,ཨ་རི་,ཨ་མེ་རི་ག་,མེ་,ཨ་མེ་རི་ཁ་,ཨ་མི་རི་ཁ་,ཨ་མི་,མེ་ལིས་ཅོན་,,,
Amritsar,,,阿姆利則,ཨམ་བྷར་སར་,ཨམྲིཏ་སར་,ཨམ་འབར་སར་,ཨམ་འབར་ས་,ཨཾ་འབར་སར་,,,,,,,,
Andhra,,https://explore.gnd.network/gnd/4001934-2,安得拉,ཨན་ཏའེ་ལ་,,,,,,,,,,,,
Andong,,,安東,ཨཱན་ཏུང་,,,,,,,,,,,,
Angla,,,昂拉,སྣང་ར་,,,,,,,,,,,,
Anguo,,,安國,ཨན་གོ་,,,,,,,,,,,,
Anhui,,https://explore.gnd.network/gnd/4002062-9,安徽,ཨན་ཧུའི་,རྔན་ཧྥིང་,ཨའན་ཧུའེ་,ཨན་ཧུའེ་,ཨན་ཧོས་,ཨན་ཧུས་,,,,,,,
Anshan,,https://explore.gnd.network/gnd/5020994-2,鞍山,ཨན་ཧྲན་,ཨའན་ཧྲན་,ཨཱན་ཧྲན་,ཨཱན་ཧྲཱན་,,,,,,,,,
Anurādhapura,,,阿努拉德普勒,ཨ་ནུ་ར་དྷ་པུ་ར་,,,,,,,,,,,,
Arabia,,https://explore.gnd.network/gnd/4002529-9,阿拉伯,ཨ་རླའ་བོའོ་,ཨ་ལ་པེ་,ཨ་རབས་,ཨ་རབ་,ཨ་ལ་པོ་,,,,,,,,
Argentina,,https://explore.gnd.network/gnd/4002890-2,阿根廷,ཨ་ཀིན་ཐིང་,ཨར་གིན་ཐེན་,,,,,,,,,,,
Arkansas,,,阿肯色州,ཨ་ཁའན་སི་,,,,,,,,,,,,
Asia,,https://explore.gnd.network/gnd/4003217-6,亞洲,ཨེ་གླིང་,ཨེ་ཤེ་ཡན་,ཨེ་ཤེ་ཡ་,ཨེ་ཤ་ཡ་,ཡ་གླིང་,ཨ་,ཨེ་ཤར་གླིང་,ཨེ་ཤན་,ཨེ་,,,,
Assam,,https://explore.gnd.network/gnd/4003249-8,阿薩姆,ཨ་སམ་,ཨ་སམ་མུ་,,,,,,,,,,,
Aurangabad,,,奧蘭加巴德,ཨའོ་རང་ག་བྷད་,ཨའོ་རང་སྒ་སྦ་ད་,ཨཽ་རང་ག་བ་ད་,,,,,,,,,,
Australia,,https://explore.gnd.network/gnd/4003900-6,澳大利亞,ཨོ་ཊ་ལི་ཡ་,ངོ་ཏ་ལིས་ཡ་,ངོའོ་ཏ་ལིས་ཡ་,ཨོ་སེ་ཐྲར་ལི་ཡ་,ཨོ་སི་ཀྲ་ལི་ཡ་,,,,,,,,
Austria,,https://explore.gnd.network/gnd/4043271-3,奧地利,ངོའི་ཏེ་ལིས་,ངོའོ་ཏེ་ལིས་,ཨོ་ཏི་ལི་,,,,,,,,,,
Ayodhya,Sākēta,,阿約提亞,ཨ་ཡོདྷྱ་,སཀེཏ་,གནས་བཅས་,,,,,,,,,,
Baghdad,,,巴格達,པའ་གའོ་ཏའ་,,,,,,,,,,,,
Bainang,,,白朗,པ་སྣམ་,,,,,,,,,,,,
Baisang,,,柏桑,པེ་སངས་,སྤེལ་བསམ་,,,,,,,,,,,
Baitukan,,,白土坎,བེ་ཐུག་ཁོན་,,,,,,,,,,,,
Baiyü,,https://d-nb.info/gnd/16253656-2,白玉,དཔལ་ཡུལ་,,,,,,,,,,,,
Bajiaolou,,,八角樓,ཨོ་རོང་གྲོང་མཇུག་,,,,,,,,,,,,
Balkhash,,,巴爾喀什,སྦར་ཧ་སེ་,,,,,,,,,,,,
Balrampur,,,伯爾拉姆布爾,བལ་རམ་པུར་,,,,,,,,,,,,
Bamei,,,八美,བར་མའི་,,,,,,,,,,,,
Banbar,,,邊壩,དཔལ་འབར་,,,,,,,,,,,,
Bandung,,,萬隆,བན་ལུན་,ཝམ་ལུང་,དབན་ལུང་,,,,,,,,,,
Bangalore,,,班加羅爾,བྷང་ལོར་,,,,,,,,,,,,
Bangkok,,https://explore.gnd.network/gnd/4004432-4,曼谷,སྦང་ཀོག་,འབན་ཀོག་,,,,,,,,,,,
Baoding,,,保定,པའོ་ཏིང་,པའོ་ཏིན་,,,,,,,,,,,
Baoji,,,寶雞,པའོ་ཅིའི་,པོ་ཅིས་,,,,,,,,,,,
Baotou,,https://explore.gnd.network/gnd/6130180-2,包頭,པའོ་ཐོའུ་,པའོ་ཐེའོ་,,,,,,,,,,,
Baozuo,,,包座,པའུ་གརྩོ་,པའུ་གཙོ་,པའུ་ཅོ་,པའོ་ཙོ་,པའོ་ཅོ་,,,,,,,,
Barkam,,https://explore.gnd.network/gnd/1151895776,馬爾康,འབར་ཁམ་,,,,,,,,,,,,
Barun,,,巴隆,སྤ་ལུང་,,,,,,,,,,,,
Batang,,,巴塘,འབའ་ཐང་,འབའ་ཡུལ་,,,,,,,,,,,
Bayan Har,,,巴顏喀拉,པ་ཡན་ཀེ་ལ་,,,,,,,,,,,,
Beijing,,https://explore.gnd.network/gnd/4075971-4,北京,པེ་ཅིན་,པེ་ཅིང་,པེ་ཀྱིང་,པི་ཅིང་,པད་ཅིན་,པད་ཅིང་,,,,,,,
Beirut,,https://explore.gnd.network/gnd/4005348-9,貝魯特,འབི་ལུ་ཐེ་,འབི་ལུའུ་ཐ་,འབེ་ལུ་ཐ་,འབེ་ལུའུ་ཐ་,,,,,,,,,
Beiyang,,,北洋,པེ་ཡང་,,,,,,,,,,,,
Belgium,,https://explore.gnd.network/gnd/4005406-8,比利時,སྤིས་ལིས་ཧྲི་,པེ་ལི་སི་,,,,,,,,,,,
Belgrade,,,貝爾格萊德,འབར་གེའི་རེ་ཌེ་,,,,,,,,,,,,
Bengal,,https://explore.gnd.network/gnd/1054631026,孟加拉,བྷན་གྷོལ་,བང་ག་ལ་,འབང་ག་ལི་,བྷངྒལ་,ཟ་ཧོར་,,,,,,,,
Beṅgaḷūru,,https://explore.gnd.network/gnd/4004431-2,班加羅爾,འབན་གའ་ལོ་,,,,,,,,,,,,
Benxi,,https://explore.gnd.network/gnd/1096208296,本溪,པིན་ཆིས་,པོན་ཤིས་,པེན་ཆིའི་,,,,,,,,,,
Berlin,,https://explore.gnd.network/gnd/4005728-8,柏林,བེ་ལིང་,པེ་ལིན་,འབར་ལིན་,སྦར་ལིན་,ཐར་ལིན་,བྷར་ལེན་,,,,,,,
Bettiah,Videha,,貝特蒂亞,བེ་ཏི་ཨ་,བི་དེཧ་,ལུས་འཕགས་,བི་ཏི་ཧ་,,,,,,,,,
Bhagalpur,,,巴加爾布爾,བྷང་གལ་པུར་,ཙམྤ་,,,,,,,,,,,
Bhakhra,,,巴克拉,བྷ་ཁ་ར་,,,,,,,,,,,,
Bharwari,,,巴爾瓦里,བྷར་ཝ་རི་,,,,,,,,,,,,
Bhilsa,Vidiśā,,毗底沙,བྷིལ་ཤ་,,,,,,,,,,,,
Bhopal,,,博帕爾,བྷོ་པལ་,བྷོ་བལ་,,,,,,,,,,,
Bhutan,,https://explore.gnd.network/gnd/4006397-5,不丹,འབྲུག་ཡུལ་,,,,,,,,,,,,
Bihar Sharif,,,比哈爾沙里夫,སྦི་ཧར་ཤ་རིབ་,,,,,,,,,,,,
Bikaner,,https://explore.gnd.network/gnd/4268257-5,比卡內爾,སྦི་ཀ་ནར་,,,,,,,,,,,,
Bodh Gaya,,,菩提伽耶,གཱ་ཡ་,བོ་དྷི་གཱཡ་,,,,,,,,,,,
Bogor,,https://explore.gnd.network/gnd/4229201-3,茂物,མོང་འུའི་,,,,,,,,,,,,
Bohai Sea,,,渤海,པོ་ཧའི་རྒྱ་མཚོ་,ཕའོ་ཧེ་རྒྱ་མཚོ་,,,,,,,,,,,
Bolivia,,,玻利維亞,པོའོ་ལི་ཝ་ཡའ་,,,,,,,,,,,,
Bomdila,,https://explore.gnd.network/gnd/4402582-8,邦迪拉,འབུམ་རྡི་ལ་,འབོམ་རྡི་ལ་,,,,,,,,,,,
Bome,,,波密,སྤོ་མའི་,སྤོ་མི་,,,,,,,,,,,
Boston,,https://explore.gnd.network/gnd/4007840-1,波士頓,སྤོ་སི་ཐོན་,,,,,,,,,,,,
Brazil,,https://explore.gnd.network/gnd/4008003-1,巴西,སྤ་ཤིས་,པའ་ཤིས་,པ་ཤིས་,,,,,,,,,,
Budapest,,https://explore.gnd.network/en/gnd/4008684-7,布達佩斯,པུ་ཏ་ཕེ་སི་,,,,,,,,,,,,
Bulgaria,,https://explore.gnd.network/en/gnd/4008866-2,保加利亞,པའོ་ཅ་ལི་ཡ་,སྤོབ་ཅ་ལིས་ཡ་,པའུ་ཀྱ་ནེ་ཡ་,པའུ་ཀྱ་ལེ་ཡ་,པུལ་ག་ནི་ཡ་,,,,,,,,
Cairo,,https://explore.gnd.network/en/gnd/4029236-8,開羅,ཁེ་ལོ་,ཀེ་རོ་,ཀའི་རོ་,,,,,,,,,,
California,,https://explore.gnd.network/en/gnd/4029236-8,加利福尼亞,ཀས་ལེ་ཕོ་ནི་ཡ་,,,,,,,,,,,,
Cambodia,,https://explore.gnd.network/en/gnd/4029400-6,柬埔寨,ཀམ་པོ་ཊི་ཡ་,ཅོན་ཕུའི་ཇེ་,ཅོན་ཕུག་ཛད་,ཅིན་ཕུ་ཀྲའི་,ཅིའན་ཕུ་ཀྲའི་,ཀམྦོ་ཇ་,,,,,,,
Canada,,,加拿大,ཀ་ན་ཌ་,ཀ་ནའ་ཊ་,ཀན་ནའ་ཌ་,ཀ་ན་ད་,,,,,,,,,
Cangyuan,,,滄源,ཚང་ཡོའན་,,,,,,,,,,,,
Caodeng,,,草登,ཚོ་བདུན་,,,,,,,,,,,,
Caracas,,,加拉加斯,ཅ་ལ་ཅ་སི་,,,,,,,,,,,,
Chamdo,,,昌都,ཆབ་མདོ་,མདོ་སྨད་,,,,,,,,,,,
Changchun,,,長春,ཁྲང་ཁྲུན་,ཁྲང་ཁྲོན་,,,,,,,,,,,
Changsha,,,長沙,ཁྲང་ཧྲ་,,,,,,,,,,,,
Changtang,,,羌塘,བྱང་ཐང་,ཅང་ཐང་,,,,,,,,,,,
Changxindian,,,長辛店,ཁྲམ་ཕྱིན་དོན་,,,,,,,,,,,,
Chaoshan,,,潮汕,ཀྲོའོ་སྲན་,,,,,,,,,,,,
Chengde,,,承德,དྲིན་ལྟས་,,,,,,,,,,,,
Chengdu,,,成都,ཁྲིན་འདུ་,ཁྲེང་ཏུ་,ཁྲིན་དུ་,ཕྲིན་དུའི་,,,,,,,,,
Chenjiazhuang,,,陳家莊,ཕྲིན་གྱ་གྲོང་,,,,,,,,,,,,
Chicago,,,芝加哥,ཀྲི་ཅ་ཀོབ་,,,,,,,,,,,,
China,,https://explore.gnd.network/en/gnd/4009937-4,中國,རྒྱ་ནག་,ཀྲུང་གོ་,རྒྱ་དམར་,,,,,,,,,,
Chindu,,,稱多,འཕྲིན་འདུ་,,,,,,,,,,,,
Ching River,,,荊江,ཅིན་ཅང་,,,,,,,,,,,,
Chittagong,,,吉大港,ཅི་ཊ་གོང་,,,,,,,,,,,,
Chola Mountains,,,雀兒山,ཁྲོ་ལ་,,,,,,,,,,,,
Chongqing,,https://explore.gnd.network/en/gnd/4315770-1,重慶,ཁྲུང་ཆིན་,ཁྲུང་ཆིང་,ཁྲུང་ཆིམ་,ཁྲུན་ཆིན་,,,,,,,,,
Chu Lai,,,茱萊,ཆུ་ལའི་,,,,,,,,,,,,
Chuosijia,,,綽斯甲,ཁྲོ་སྐྱབས་,ཁྲོས་སྐྱབ་,,,,,,,,,,,
Cochin,,,科欽,ཁོ་ཕྱིང་,,,,,,,,,,,,
Colombia,,,哥倫比亞,ཀོའོ་ལོན་པི་ཡ་,ཀི་ལོན་སྦི་ཨ་,,,,,,,,,,,
Colombo,,,科倫坡,ཀོ་ལམ་འབུ་,ཀོ་ལམ་སྦོ་,ཀོ་ལམ་འབོ་,,,,,,,,,,
Congo,,,剛果,ཀང་ཀའོ་,ཀོང་གོ་,,,,,,,,,,,
Costa Rica,,,哥斯達黎加,ཀོའོ་སི་ཏ་རི་ཁ་,,,,,,,,,,,,
Crimea,,,克里米亞,ཁའོ་ལི་མི་ཡ་,,,,,,,,,,,,
Cuba,,,古巴,ཀུག་སྤ་,ཁྱུ་པ་,ཀུའུ་པ་,ཀུ་པ་,,,,,,,,,
Cyprus,,,塞浦路斯,སི་ཕུ་ལོའོ་སི་,,,,,,,,,,,,
Czechoslovakia,,,捷克斯洛伐克,ཅེ་ཁེ་སི་ལོ་ཧྥ་ཁེ་,ཆེ་ཁེ་སི་ལོ་ཧྥ་ཁེ་,ཆེ་ཁི་སི་ལོ་ཧྥ་ཁེ་,ཚེ་ཁེ་སི་ལོ་ཧཱ་ཁེ་,ཚེ་ཁེ་སི་ལོ་ཧྭ་ཁེ་,ཅི་ཀོ་སེ་ལ་སྦིཀ་ཡ་,ཆེ་ཁེ་སེ་ལ་ཝ་ཁེ་,ཅེ་ཀོ་སི་ལ་ཝི་ཀི་ཡ་,,,,,
Daba Mountains,,,大巴山,ཏ་པ་ཧྲན་,,,,,,,,,,,,
Dachen,,,大陳,ཏ་ཁྲིན་,,,,,,,,,,,,
Dadu River,,,大渡河,རྒྱལ་མོ་དངུལ་ཆུ་,,,,,,,,,,,,
Dajin,,,大金,ཆུ་ཆེན་,,,,,,,,,,,,
Dalhori,,,達爾合里,ཌལ་ཧོར་,,,,,,,,,,,,
Dali,,,大理,ཏ་ལི་,ཏ་ལིས་,,,,,,,,,,,
Dalian,Lüda 旅大,,大連,ད་ལེན་,རླུད་ཏཱ་,རླུས་ཏའ་,ཏཱ་ལན་,ཏའ་ལིའན་,,,,,,,,
Danang,Đà Nẵng 沱㶞,,峴港,ཌ་ནང་,,,,,,,,,,,,
Danba,,,丹巴,རོང་བྲག་,,,,,,,,,,,,
Dangba,,,黨壩,དམ་པ་,,,,,,,,,,,,
Dangjin,,,當金,ཏང་ཅིང་,,,,,,,,,,,,
Daocheng,,,稻城,འདབ་པ་,,,,,,,,,,,,
Daotanghe,,,倒淌河,ཏའོ་ཐང་ཧོ་,,,,,,,,,,,,
Darjeeling,,,大吉嶺,རྡོར་བཅས་གླིང་,རྡོར་གླིང་,རྡོར་རྗེ་གླིང་,རྡོ་རྗེ་གླིང་,,,,,,,,,
Datong,,,大通（青海）,ཏཱ་ཐུའང་,,,,,,,,,,,,
Dawson,,,道森,དའོ་ཞོའན་,,,,,,,,,,,,
Dawu,,,道孚,རྟའུ་,,,,,,,,,,,,
Dazhao,,,大昭,ལྷོ་རྫོང་,,,,,,,,,,,,
Dazhasi,,,達扎寺,སྟག་ཚ་དགོན་,,,,,,,,,,,,
Dazhuka,,,大竹卡,སྟག་གྲུ་ཁ་,,,,,,,,,,,,
Dêgê,,,德格,སྡེ་དགེ་,,,,,,,,,,,,
Dehong,,,德宏,ཏའེ་ཧུའེང་,,,,,,,,,,,,
Delhi,,,德里,དིལ་ལི་,ལྡི་ལི་,ལྡིལ་ལི་,དེ་གླིས་,དེ་ལིས་,དེ་རླིས་,དི་ལི་,དྷེ་ལེ་,དྷེ་ལི་,ལྟི་ལི་,,,
Delingha,,,德令哈,སྡེ་ལིང་ཁ་,,,,,,,,,,,,
Dêngqên,,,丁青,སྟེང་ཆེན་,,,,,,,,,,,,
Denmark,,,丹麥,ཏ་མེ་,ཏན་མར་ཁེ་,,,,,,,,,,,
Deoria,,,德奧里亞,དེ་བོ་རི་ཡ་,སྡེའོ་རི་ཡ་,,,,,,,,,,,
Derong,,,得榮,སྡེ་རོང་,,,,,,,,,,,,
Dewulu,,,德烏魯,བདེ་བོར་,གཏིས་བུ་ལོའུ་,,,,,,,,,,,
Dhaka,,,達卡,ཌ་ཁ་,,,,,,,,,,,,
Dharamshala,,,達蘭薩拉,རྡ་རམ་ས་ལ་,དྷ་རམ་ས་ལ་,རྡ་ས་,,,,,,,,,,
Dharanikota,Dhānyakaṭaka,,達蘭尼科塔,ཤྲི་དྷ་ན་ཀྭ་ཊ་,,,,,,,,,,,,
Doilungdêqên,,,堆龍德慶,སྟོད་ལུང་བདེ་ཆེན་,,,,,,,,,,,,
Donggar,,,東嘎,གདོང་དཀར་,,,,,,,,,,,,
Dujiangyan,,,都江堰,ཏུའུ་ཅང་ཉན་,,,,,,,,,,,,
Dulan,,,都蘭,དུ་ལན་,དུ་ལེན་,,,,,,,,,,,
Dumbarton Oaks,,,敦巴頓橡樹園,ཏིང་པ་དིན་བྱམ་ཧྲུའི་ཡོན་,,,,,,,,,,,,
Dunhuang,,,敦煌,ཏིང་ཧང་,,,,,,,,,,,,
Durban,,,德班,ཏའེ་པའན་,,,,,,,,,,,,
Dzungaria,,,準噶爾,ཅུན་ཀར་,,,,,,,,,,,,
East China Sea,,,東海,ཤར་གྱི་རྒྱ་མཚོ་,,,,,,,,,,,,
Ecuador,,,厄瓜多爾,ཨེ་ཀོའོ་ཏོ་འོར་,ཨེ་ཀྭ་ཏོར་,,,,,,,,,,,
Egypt,,,埃及,རྔད་ཅིས་,རྔད་ཇིས་,ཨེ་ཇབ་ཀྲེ་,ཨེ་ཅི་,,,,,,,,,
El Salvador,,,薩爾瓦多,ཨལ་སའི་སྦ་ཀྲོ་,ཨལ་སལ་བག་སྤྲོ་,,,,,,,,,,,
Élisabethville,Lubumbashi,,伊丽莎白維爾,ཨད་ལི་ཛི་སྦད་ཐ་བྷིལ་,ཨ་ལིའི་ཛི་སྦད་ཐ་སྦིལ་,ཨ་ལི་ཇི་སྦད་ཐ་སྦིལ་,ཨས་ལི་ཛི་བད་ཏ་སྦི་,,,,,,,,,
Ellora,Verul,,埃洛拉,ཨེ་ལོ་ར་,ཝ་རུལ་,,,,,,,,,,,
England,,,英國,དབྱིན་ཇི་,དབྱིན་,དབྱིན་ཡུལ་,,,,,,,,,,
Erenhot,,,二連浩特,ཨེ་ལན་,,,,,,,,,,,,
Ethiopia,,,埃塞俄比亞,ཨི་ཐོ་སྤི་ཡ་,རྔད་ཟེ་འོ་སྤིས་ཡ་,,,,,,,,,,,
Europe,,,歐洲,ཡུ་རོབ་གླིང་,རྔུའུ་ཁྲུའི་,ཡོ་རོབ་གླིང་,ཡའོ་རུབ་གླིང་,གིའུ་ཀྲིའུ་,རྔུའུ་ཀྲུའུ་,,,,,,,
Faizabad,,,法扎巴德,ཕེ་ཟ་བ་ད་,,,,,,,,,,,,
Falgu River,Nairañjanā,,尼連禪河,ནེརཉྫ་ན་,,,,,,,,,,,,
Fengman,,,豐滿,ཕུའང་མའན་,,,,,,,,,,,,
Finland,,,芬蘭,ཕིན་ལའན་,,,,,,,,,,,,
Florida,,,佛羅里達,ཕོ་ལོའི་རི་ཌ་,,,,,,,,,,,,
France,,,法國,ཧྥ་རེན་སི་,ཧྥ་རན་སི་,ཧྥ་,ཕ་གོ་,ཧྥ་གོ་,ཕ་རན་སི་,,,,,,,
Fujian,,,福建,ཧྥུའུ་ཇན་,ཧྥུ་ཇན་,ཕུའུ་ཅིའན་,ཕུ་ཅན་,ཕུ་ཇན་,,,,,,,,
Fushun,,,撫順,ཧྥུ་ཧྲུན་,ཕུའུ་ཧྲུན་,,,,,,,,,,,
Fuzhou,,,福州,ཕུ་ཀྲའུ་,,,,,,,,,,,,
Gaba,,,尕巴,ཀ་པ་,,,,,,,,,,,,
Gaermu,,,噶爾穆,ཀེ་ཨེར་མུ་,,,,,,,,,,,,
Gala,,,噶拉,ཀ་ར་,,,,,,,,,,,,
Gangca,,,剛察,རྐང་ཚ་,,,,,,,,,,,,
Ganges River,Gangā,,恆河,གངྒཱ་,,,,,,,,,,,,
Gangtok,,,甘托克,སྒང་ཏོག་,,,,,,,,,,,,
Gannan,,,甘南,ཀན་ལྷོ་,,,,,,,,,,,,
Gansu,,,甘肅,ཀན་སུའུ་,ཀན་སུ་,ཀན་ཤུས་,ཀའན་སུ་,ཀཱན་སུ་,ཀན་ཟུ་,,,,,,,
Gartok,,,嘎托,སྒར་ཐོག་,,,,,,,,,,,,
Garzê,,,甘孜,དཀར་མཛེས་,,,,,,,,,,,,
Gaya Mountains,Gayāśīrṣa,,伽耶山,གཱ་ཡ་ཤིརྵ་,གཱ་ཡ་མགོ་རི་,,,,,,,,,,,
Geka,,,葛卡,གོ་ཁ་,ཁ་ཆ་,,,,,,,,,,,
Geneva,,,日內瓦,རི་ནོས་ཝ་,རི་ནེ་ཝ་,འཇི་ནེ་ཝ་,,,,,,,,,,
Georgia,,,佐治亞,ཇོའོ་ཀྲི་ཡ་,,,,,,,,,,,,
Germany,Deutschland,,德國,ཇར་མན་,འཇར་མན་,དེ་ཡིས་ཀྲི་,དེ་གོ་,ཏེ་གོ་,ཏི་ཡི་ཀྲི་,ཏེ་ཡིས་ཀྲི་,,,,,,
Gexi,,,格西,དགེ་བཤེས་,,,,,,,,,,,,
Ghana,,,加納,གྷ་ན་,,,,,,,,,,,,
Godavari River,,,戈達瓦里河,གོ་ད་ཝ་རི་,,,,,,,,,,,,
Gold Coast,,,黃金海岸,ཧམ་ཅིང་ཧེ་ངོན་,,,,,,,,,,,,
Golmud,,,格爾木,གེ་ཨར་མང་,,,,,,,,,,,,
Golog,,,果洛,འགོ་ལོག་,མགོ་ལོག་,,,,,,,,,,,
Gonggar,,,貢嘎,གོང་དཀར་,,,,,,,,,,,,
Gonghe,,,共和,གསེར་ཆེན་,གུང་ཧོ་,ཀོང་ཧོ་,ཀུང་ཧོའོ་,ཀུན་ཧོ་,,,,,,,,
Gongru,,,共如,གུང་རུ་,,,,,,,,,,,,
Gorakhpur,,,戈勒克布爾,གོ་རག་པུར་,སྒོ་ར་པུར་,གོ་ར་པུར་,,,,,,,,,,
Greece,ཡུན་ནན་ from Hindi,,希臘,ཧེ་ལ་,གི་རི་སི་,ཡུན་ནན་,ཧེ་ལན་,,,,,,,,,
Guandong,,,關東,ཀོན་ཏུང་,,,,,,,,,,,,
Guang'an,,,廣安,ཀའོང་ཨའན་,,,,,,,,,,,,
Guangdong,,,廣東,ཀྭང་ཏུང་,ཀོའང་ཏུང་,ཀོང་ཏུང་,གོང་ཏུན་,,,,,,,,,
Guangxi,,,廣西,ཀྭང་ཤིས་,ཀོའང་ཤིས་,ཀོང་ཤིས་,,,,,,,,,,
Guangzhou,,,廣州,ཀྭང་ཀྲུའུ་,ཀོའང་ཀྲེའོ་,ཀོང་ཀྲའུ་,ཀོང་ཀྲིག་,གོང་གྲིག་,,,,,,,,
Guanxian,,,灌縣,ཀྭན་ཤེན་,,,,,,,,,,,,
Guanxiu,,,官秀,མགོན་ཤུལ་,,,,,,,,,,,,
Guatemala,,,危地馬拉,ཝུའེ་ཏི་མ་ལ་,,,,,,,,,,,,
Guayaquil,,,瓜亞基爾,ཀོ་ཡ་ཇེར་,,,,,,,,,,,,
Gucheng,,,穀城,གུ་ཁྲིན་,,,,,,,,,,,,
Guide,,,貴德,ཁྲི་ཀ་,,,,,,,,,,,,
Guilin,,,桂林,གུས་ལིན་,,,,,,,,,,,,
Guinan,,,貴南,ཀོས་ནན་,,,,,,,,,,,,
Guisui,,,歸綏,ཀུའེ་སུའེ་,,,,,,,,,,,,
Guixian,,,貴縣,ཀུའེ་རྫོང་,,,,,,,,,,,,
Guiyang,,,貴陽,ཀུའེ་ཡང་,གུས་ལང་,,,,,,,,,,,
Guizhou,,,貴州,ཀོས་ཀྲིག་,ཀྭའི་ཀྲུའུ་,ཀུའེ་ཀྲེའོ་,གུས་ཀྲའུ་,,,,,,,,,
Guntur,,,貢土爾,རྒུན་ཏུར་,གུན་དར་,གུན་དུར་,,,,,,,,,,
Guozijian,,,國子監,སྒོ་ཙེ་ཅན་,གོ་ཙི་ཅན་,,,,,,,,,,,
Guwahati,,,古瓦哈蒂,གྷོ་ཧ་ཊ་,གྷོ་ཧ་ཊི་,གྷོ་ཧ་ཀྲ་,,,,,,,,,,
Guyuan,,,固原,ཀུའུ་ཡོན་,,,,,,,,,,,,
Gyalrong,,,嘉絨,རྒྱལ་རོང་,,,,,,,,,,,,
Gyamda,,,江達,རྒྱ་མདའ་,,,,,,,,,,,,
Gyantse,,,江孜,རྒྱལ་རྩེ་,,,,,,,,,,,,
Hạ Hòa,,,夏和,ཤ་ཧོ་,,,,,,,,,,,,
Hà Nội,Đông Kinh 東京,,河內,ཧོ་ནའེ་,སྟོང་ཁུན་,ཧེ་ནོ་,ཧོ་ནི་,,,,,,,,,
Hải Phòng,,,海防,ཧད་ཕའང་,,,,,,,,,,,,
Haibei,,,海北,ཧད་པེ་,མཚོ་བྱང་,,,,,,,,,,,
Hailar,,,海拉爾,ཧེ་ལ་ཨེར་,ཧད་ལར་,,,,,,,,,,,
Hainan,,,海南,ཧེ་ནན་ཏོའོ་,ཧའི་ནན་,,,,,,,,,,,
Hainan,,,海南（青海）,ཧད་ལའན་,མཚོ་ལྷོ་,,,,,,,,,,,
Haixi,,,海西,མཚོ་ནུབ་,,,,,,,,,,,,
Haiyan,,,海晏,ཧེ་ཡན་,ཧཱེ་ཡན་,,,,,,,,,,,
Hangzhou,,,杭州,ཧང་ཀྲུའུ་,ཧང་ཀྲའུ་,ཧང་གྲིག་,,,,,,,,,,
Harbin,,,哈爾濱,ཧ་ཨེར་སྤིན་,ཧར་པིན་,,,,,,,,,,,
Havanna,,,哈瓦那,ཧ་དབའ་ལ་,ཧ་ཝ་ན་,,,,,,,,,,,
Hawaii,,,夏威夷,ཧ་ཝི་འི་,,,,,,,,,,,,
Hebei,,,河北,ཧོ་པེ་,ཧོ་བེའི་,ཧོ་པད་,,,,,,,,,,
Hefei,,,合肥,ཧའོ་ཕའེ་,,,,,,,,,,,,
Heilongjiang,,,黑龍江,ཧེ་ལུན་ཅང་,ཧེ་ལུང་ཅང་,ཧེའི་ལུང་ཅང་,,,,,,,,,,
Heishui,,,黑水,ཁྲོ་བཅུ་,ཁྲོས་བཅུ་,,,,,,,,,,,
Hekou,,,河口,ཧོའོ་ཁའོ་,,,,,,,,,,,,
Henan,,,河南,ཧོའོ་ནན་,ཧོ་ནན་,ཧོ་ནའན་,,,,,,,,,,
Henan,,,河南（青海）,རྨ་ལྷོ་ (སོག་རིགས་),རྨ་ཕ་རི་,,,,,,,,,,,
Hengduan Mountains,,,橫斷山脈,འཕྲེད་བཀག་རི་རྒྱུད་,,,,,,,,,,,,
Hequ,,,河曲,ཧོ་ཆུད་,,,,,,,,,,,,
Hezuo,,,合作,གཙོས་,,,,,,,,,,,,
Himalaya,,,喜馬拉雅,ཧི་མ་ལ་ཡ་,,,,,,,,,,,,
Hoh Xil,,,可可西里,ཧོ་ཤི་ལི་,,,,,,,,,,,,
Hohhot,should be མཁར་སྔོན་མོ་,,呼和浩特,ཧུ་ཧོ་ཧའོ་ཐེ་,མ་ར་སྔོན་མོ་,,,,,,,,,,,
Hòn Gai,,,鴻基,ཧུང་ཅི་,,,,,,,,,,,,
Hongkong,,,香港,ཧོང་ཀོང་,ཤང་ཀང་,ཤའང་ཀའང་,ཧྲིན་ཀང་,ཞིང་ཀང་,,,,,,,,
Hongya,,,紅崖,ཧུན་ནེ་,,,,,,,,,,,,
Honolulu,,,火奴魯魯,ཧོ་ནོ་འི་ལུ་ལུ་,,,,,,,,,,,,
Hsinchu,,,新竹,ཤིན་ཀྲུ་,,,,,,,,,,,,
Huai River,,,淮河,ཧོའེ་ཧོ་,ཧོའེ་ཆུ་,ཧུས་ཧོ་,,,,,,,,,,
Huaitoutala,,,懷頭他拉,ཁུད་དེ་ཐར་ལ་,,,,,,,,,,,,
Hualong,,,化隆,བ་ཡན་,,,,,,,,,,,,
Huangheyan,,,黃河沿,རྨ་ཆུ་ཁ་,,,,,,,,,,,,
Huangnan,,,黄南,རྨ་ལྷོ་ (བོད་རིགས་),རྨ་ཆུའི་ལྷོ་ངོས་,,,,,,,,,,,
Huangzhong,,,湟中,ཧོང་གྲུན་,ཧོང་ཀྲུན་,,,,,,,,,,,
Huashixia,,,花石峽,དུང་གི་མཛོ་སྣ་,ཧྭ་ཧྲི་འགག་,,,,,,,,,,,
Huayuankou,,,花園口,ཧྭ་ཡོན་ཁུ་,,,,,,,,,,,,
Hubei,,,湖北,ཧུའུ་པེའི,ཧུ་པེ་,,,,,,,,,,,
Huixian,,,輝縣,ཧུད་རྫོང་,,,,,,,,,,,,
Huiyuan,,,惠遠,ཧུལ་ཡན་,,,,,,,,,,,,
Huizhou,,,徽州,ཧུའེ་རྫོང་,,,,,,,,,,,,
Hulunbuir,,,呼倫貝爾,ཧུ་ལོན་པེར་,,,,,,,,,,,,
Hunan,,,湖南,ཧུའུ་ནན་,ཧུ་ནན་,,,,,,,,,,,
Hungary,,,匈牙利,ཧང་ག་རི་,ཤོང་ཡ་ལིས་,ཤོང་ཡ་ལའི་,སྦྱང་ཡ་ལིས་,ཧང་ག་རིལ་,ཧང་གྷ་རི་,ཧུང་ག་རེ་,,,,,,
Huzhu Beishan,,,互助北山,ཧུ་ཀྲུའུ་བྱང་རི་,,,,,,,,,,,,
India,,,印度,རྒྱ་གར་,ཧིན་དུ་,རྒྱ་དཀར་,ཧིན་རྡུ་སེ་ཐན་,ཧིན་རྡུ་,ཧིན་རྡུ་སི་ཐའན་,ཨིན་རྟུ་,སིན་དྷུ་,,,,,
Indochina,,,印度支那,ཧིན་འདུ་ཆ་ན་,ཧིན་དུའི་ཙི་ན་,ཨིན་རྟུ་ཅི་ན་,ཨིན་ཊོ་ཅི་ན་,,,,,,,,,
Indonisia,,,印度尼西亞,ཧིན་དུའུ་ཉིས་ཤིས་ཡ་,ཨིན་འདུ་ནི་ཤི་ཡ་,དབྱིན་དུའི་ཉིས་ཤིས་ཡ་,རྒྱ་དཀར་འགྱི་ཤེ་ཡ་,རྒྱ་གར་ཉིས་ཤིས་ཡ་,ཧིན་དུའི་ཉི་ཤིས་ཡ་,ཧིན་དུའི་ཉིས་ཤིས་ཡ་,ཡིན་རྡུ་ནི་ཤིས་ཡ་,ཨིན་རྡུ་ནི་ཤིས་ཡ་,ཨིན་རྡུ་ནི་ཡ་,ཨིན་རྡུ་ནི་ཤེ་ཡ་,ཨི་རྡུ་ནི་ཤེ་ཡ་,ཧིན་དུ་ཉུ་ཞི་ཡ་
Inner Mongolia,,,內蒙,ནང་སོག་,,,,,,,,,,,,
Iran,,,伊朗,ཡི་རང་,ཨི་རན་,དབྱིས་ལམ་,,,,,,,,,,
Iraq,,,伊拉克,དབྱིས་ལ་ཁེ་,ཨི་རག་,,,,,,,,,,,
Ireland,,,愛爾蘭,ཨར་ལན་ཌི་,,,,,,,,,,,,
Isreal,,,以色列,ཡི་སི་ལེ་,ཨི་སི་ར་ཡིལ་,ཨེ་སེ་རིལ་,,,,,,,,,,
İstanbul,,,伊斯坦布爾,དབྱི་སི་ཐའན་བུར་,,,,,,,,,,,,
Italy,,,意大利,ཨི་ཀྲ་ལི་,ཡིས་ཏ་ལིང་,ཨི་ཏ་ལི་,ཨི་ཊ་ལི་,ཡེ་ཏ་ལི་,,,,,,,,
Izki,,,艾茲基,ཡི་ཚི་ཅི་,,,,,,,,,,,,
Jainca,,,尖扎,གཅན་ཚ་,ཅཱན་སྦྲ་,,,,,,,,,,,
Jaipur,,,齋普爾,རྗའི་པུར་,,,,,,,,,,,,
Jakarta,,,雅加達,གཡའ་ཅ་ཏ་,རྫ་ཀ་ཏ་,,,,,,,,,,,
Jalahalli,,,加拉哈立,ཇ་ལ་ཧ་ལི་,,,,,,,,,,,,
Jalandhar,,,賈朗達爾,ཛ་ལན་དྷ་ར་,,,,,,,,,,,,
Jalgaon,,,賈爾岡,འཇལ་གྷོན་,,,,,,,,,,,,
James Shoal,,,曾母暗沙,ཙིན་མུ་ཨན་ཧྲ་,,,,,,,,,,,,
Jammu,,,查謨,འཇའ་མུ་,,,,,,,,,,,,
Japan,,,日本,རི་པིན་,ཇ་པན་,འཇར་པན་,རི་པུན་,འཇར་སྤན་,འཇའ་སྤན་,རི་པན་,,,,,,
Jartai,,,吉蘭泰,ཅི་ལན་ཐེ་,,,,,,,,,,,,
Java,Dhānyadvīpa,,爪哇,འཇའ་བ་,འབྲུའི་གླིང་,རྗ་ཝ་,,,,,,,,,,
Jawalamukhi,Jvālāmukhī,,賈瓦拉穆基,ཛྭ་ལ་མུ་ཁི་,,,,,,,,,,,,
Jhansi,,,占西,ཇན་སི་,,,,,,,,,,,,
Jialing River,,,嘉陵江,ཅའ་ལིང་ཅང་,,,,,,,,,,,,
Jiamusi,,,佳木斯,ཅ་མོ་ཟི་,,,,,,,,,,,,
Ji'an,,,吉安,ཅི་ཨན་,,,,,,,,,,,,
Jiangsu,,,江蘇,ཅང་སུའུ་,ཅང་ཧྲུག་,ཅང་སུ་,,,,,,,,,,
Jiangxi,,,江西,ཅང་ཤིན་,ཅང་ཤིས་,,,,,,,,,,,
Jiaomuzu,,,腳木足,ཀྱམ་ཀྱོ་,,,,,,,,,,,,
Jiedexiu,,,傑德秀,ལྕེ་ཞོལ་,,,,,,,,,,,,
Jigzhi,,,久治,ཆིག་སྒྲིལ་,,,,,,,,,,,,
Jilin,,,吉林,ཇི་ལིང་,ཇི་ལིན་,ཅི་ལིན་,ཅི་ལེན་,ཅེ་ལེན་,,,,,,,,
Jimai,,,吉邁,འགྱུར་མེད་,,,,,,,,,,,,
Jinan,,,濟南,ཅི་ནའན་,ཇི་ནན་,,,,,,,,,,,
Jinggang Mountains,,,井崗山,ཅིན་ཀང་ཧྲན་,ཅིན་ཀང་ཟན་,,,,,,,,,,,
Jingyuan,,,涇源,ཅིང་ཡོན་,,,,,,,,,,,,
Jining,,,集寧,ཅི་ཉིན་,,,,,,,,,,,,
Jinsha River,,,金沙江,འབྲི་ཆུ་,,,,,,,,,,,,
Jinzhou,,,錦州,ཅིན་ཀྲོའོ་,,,,,,,,,,,,
Jiujiang,,,九江,ཀྱིའུ་ཅང་,,,,,,,,,,,,
Jiulong,,,九龍,བརྒྱད་ཟིལ་,,,,,,,,,,,,
Jordan,,,約旦,ཡོ་ཏོན་,,,,,,,,,,,,
Kabardin,,,卡巴金,ཁའ་པའ་ཅིན་,,,,,,,,,,,,
Kailuan,,,開灤,ཁེ་ལོན་,,,,,,,,,,,,
Kalaktang,,,噶拉塘,ཀ་ལག་ཏང་,,,,,,,,,,,,
Kalimpong,,,噶倫堡,ཀ་སྦུག་,ཀ་བློན་སྦུག་,,,,,,,,,,,
Kalyan,,,格利揚,ཀ་ལྱན་,ཀལ་ལྱན་,ཀལྱན་,,,,,,,,,,
Kamarupa,,,迦摩縷波,ཀཱ་མ་རཱུ་པ་,,,,,,,,,,,,
Kameng,,,卡門,ཀེ་མང་,,,,,,,,,,,,
Kandy,,,康提,ཀན་དྷི་,ཀན་དྷེ་,,,,,,,,,,,
Kangding,,,康定,དར་མདོ་,དར་རྩེ་མདོ་,,,,,,,,,,,
Kangra,,,岡格拉,ཀཱང་ར་,ཀང་ར་,,,,,,,,,,,
Kaohsiung,,,高雄,ཀའོ་ཤུན་,,,,,,,,,,,,
Kapilavastu,Tilaurakot,,迦毘羅衛,ཀཔིལབསྟུ་,སེར་སྐྱ་,ཏི་ལོ་ར་ཀོ་ཊི་,,,,,,,,,,
Karachi,,,卡拉奇,ཀ་ར་ཅི་,,,,,,,,,,,,
Karli,,,卡里,ཀར་ལེ་,,,,,,,,,,,,
Kashmir,,,克什米爾,ཀ་ཤི་མི་རི་,ཀ་ཤི་མིར་,ཀ་ཤི་སྨིར་,ཁ་ཆེའི་གྲོང་,ནགར་,,,,,,,,
Kasongdu,,,卡松度,མཁར་སུམ་མདོ་,,,,,,,,,,,,
Katanga,,,加丹加,ཀ་ཀྲང་ག་,ཀ་ཀྲང་ཀ་,ཀ་ཀྲན་ཀ་,,,,,,,,,,
Kathmandu,,,加德滿都,ཁ་ཋ་མན་གྲུ་,ཀ་ཐ་མན་གྲུ་,,,,,,,,,,,
Kawa Mountain,,,佧佤山,ཆའ་ཝའ་ཧྲན་,ཆའ་ཝ་རི་,,,,,,,,,,,
Kazakhstan,,,哈薩克斯坦,ཧ་ས་ཁེ་,,,,,,,,,,,,
Keelung,,,基隆,ཅི་ལུང་,,,,,,,,,,,,
Kenya,,,肯尼亞,ཀེ་ནེ་ཡ་,གྷི་ནི་ཡ་,,,,,,,,,,,
Kerala,,,喀拉拉,ཁ་ལ་ལ་,ཁ་ལའ་ལའ་,ཀེ་ར་ལ་,,,,,,,,,,
Kharagpur,,,克勒格布爾,ཁ་རག་པུར་,,,,,,,,,,,,
Khingan Range ,,,興安嶺,ཞིན་ཨན་ལིང་,ཤིན་ཨན་ལིན་,,,,,,,,,,,
Khurda,Khordha,,科爾達,ཁུར་ད་,,,,,,,,,,,,
Kibithu,,,基比圖,ཀི་སྦེ་ཀྲུ་,,,,,,,,,,,,
Kimhwa,,,金化,ཅིན་ཧྭ་,,,,,,,,,,,,
Kinmen,,,金門,ཅིན་མིན་,ཅིན་མན་,,,,,,,,,,,
Kinnaur,,,金瑙爾,ཀི་ནོར་,,,,,,,,,,,,
Kolkata,,,加爾各答,ཀ་ཏ་,གར་ཀ་ཊག་,ཅ་ཨར་ཀོ་ཏ་,ཀ་ལི་ཀ་ཏ་,,,,,,,,,
Kolwezi,,,科盧韋齊,ཀོ་བ་རྗི་,ཀོལ་ཝ་རྩེ་,,,,,,,,,,,
Kongpo,,,工布,ཀོང་པོ་,,,,,,,,,,,,
Korea,,,朝鮮,ཁྲའོ་ཤན་,ཀོ་རི་ཡ་,ཁྲོ་ཤན་,ཁྲའུ་ཤོན་,ཁྲའུ་ཤོའུ་,ཁྲན་ཤོན་,ཁྲའོ་ཤིའན་,ཁྲའོ་ཤོན་,ཁྲའོ་ཤིན་,ཁྲའོ་ཤཱིན་,,,
Kosam,Kauśāmbī,,憍賞彌,ཀཽ་ཤམྦི་,ཀོ་ཤམ་,ཀཽ་ཤམི་,,,,,,,,,,
Kottayam,,,戈德亞姆,ཀོ་ཀྲ་ཡམ་,,,,,,,,,,,,
Krishna River,Kṛṣṇā,,克里希納河,ཀྲིཥྞ་,,,,,,,,,,,,
Kuala Lumpur,,,吉隆坡,ཀུ་ལ་,ཀོ་ལ་ལམ་འབུལ་,,,,,,,,,,,
Kullu,,,古盧,ཀུ་ལུ་,ཉུང་ཏི་,ཀུ་ལུ་ཏ་,,,,,,,,,,
Kunlun,,,崑崙,ཀུན་ལུང་,ཁུན་ལིང་,ཁུན་ནེའ་ལའི་,ཁུ་ནུའི་ལ་,,,,,,,,,
Kunming,,,昆明,ཁུན་མིང་,ཁུའེན་མིའེང་,ཁུན་མིན་,,,,,,,,,,
Kushinagar,Kuśinagara,,拘尸那城,རྩྭ་མཚོག་གྲོང་,རྩ་མཚོག་གྲོང་,ཀུ་ཤི་ན་གར་,མ་ཐ་ཀུ་ཝར་,,,,,,,,,
Labrang,,,拉卜楞,བླ་བྲང་,,,,,,,,,,,,
Ladakh,,,拉達克,ལ་དྭགས་,,,,,,,,,,,,
Lahore,,,拉合爾,ལ་ཧོར་,,,,,,,,,,,,
Lancang River,,,瀾滄江,རྫ་ཆུ་,,,,,,,,,,,,
Lanzhou,,,蘭州,ལའན་ཀྲེའོ་,ལན་ཀྲུའུ་,ལན་ཀྲའུ་,ལན་ཀྲིག་,ལན་གྲིག་,ནན་ཀྲེའོ་,,,,,,,
Laos,,,老撾,ལའོ་སེ་,ལའོ་སི་,གློ་གོ་,ལོོ་ཀོ་,,,,,,,,,
Laoyaxia,,,老鴉峽,སླའོ་ཡའ་ཞའ་,,,,,,,,,,,,
Latin America ,,,拉美,བླ་ཏིང་མེ་གླིང་,ལ་ཏིན་མེ་གླིང་,ལ་,ལའ་ཏིང་ཨ་གླིང་,ལའ་ཏིང་ཨ་མེ་རི་ཀ་,,,,,,,,
Lebanon,,,黎巴嫩,ལིས་སྤར་ཉིས་,ལིས་སྤ་ཉིས་,ལེ་པ་ནོན་,,,,,,,,,,
Leipzig,,,萊比錫,ལེ་སྦིས་ཤིས་,,,,,,,,,,,,
Leningrad,,,列寧格勒,ལེ་ནིང་ཀའེ་ལའེ་,,,,,,,,,,,,
Léopoldville,Kinshasa,,利奧波德维尔,ལིའུ་བྷོལ་ཌ་བྷིལ་,ལིའུ་སྤོ་འོལ་ཀྲ་འབི་,,,,,,,,,,,
Lhagyili,,,拉加里,ལྷ་རྒྱ་རི་,,,,,,,,,,,,
Lhari,,,嘉黎,ལྷ་རི་,,,,,,,,,,,,
Lhasa,,,拉薩,ལྷ་ས་,,,,,,,,,,,,
Lhasa River,,,拉薩河,ལྷ་སའི་ཆུ་བོ་,,,,,,,,,,,,
Liangshan,,,涼山,འཐེང་ཧྲན་,ལིང་ཧྲཱན་,,,,,,,,,,,
Liaodong,,,遼東,ལེའོ་ཏུང་,,,,,,,,,,,,
Liaoning,,,遼寧,ལིའོ་ཉིན་,ལའོ་ལིང་,ལིའམ་ལིན་,ལེའོ་ནིང་,ལིའོ་ནིང་,ལེའོ་ཉིན་,,,,,,,
Liaoxi,,,遼西,ལེའོ་ཤིས་,,,,,,,,,,,,
Liberia,,,利比里亞,ལིས་སྤིས་ལིས་ཡ་,,,,,,,,,,,,
Libya,,,利比亞,ལིས་སྤིས་ཡ་,,,,,,,,,,,,
Lintan,,,臨潭,ལིན་ཐན་,,,,,,,,,,,,
Linxian,,,林縣,ལཱིན་རྫོང་,,,,,,,,,,,,
Litang,,,理塘,ལི་ཐང་,,,,,,,,,,,,
Little Rock,,,小石城,ཞའོ་ཧྲེ་ཁྲེང་,,,,,,,,,,,,
Liuping,,,柳坪,ལིག་ཕིན་,,,,,,,,,,,,
Lixian,,,理縣,ལིས་ཤན་,ལེ་ཤེན་,,,,,,,,,,,
Loess Plateau,,,黃土高原,ས་སེར་ས་མཐོ་,,,,,,,,,,,,
Lohit,,,魯西特,ལོ་ཧི་ཀྲ་,ལོ་ཧོ་ཀྲ་,,,,,,,,,,,
Lonavala,,,洛納瓦拉,ལུ་ན་བ་ལ་,,,,,,,,,,,,
London,,,倫敦,ལོན་ཌོན་,ལོན་གྲོན་,ལོན་ཀྲོན་,,,,,,,,,,
Longbugou,,,龍布溝,ནོར་བུ་ལུང་པ་,,,,,,,,,,,,
Longdie,,,龍迭 ,ལོང་བདེ་,,,,,,,,,,,,
Longtan,,,龍潭,ལུའང་ཐན་,,,,,,,,,,,,
Longwu,,,隆務,རོང་བོ་,,,,,,,,,,,,
Luang Prabang,,,琅勃拉邦,ལུང་པ་ར་བཱང་,,,,,,,,,,,,
Lucknow,,,勒克瑙,ལག་ནཽ་,ལག་ནའོ་,,,,,,,,,,,
Luding,,,瀘定,ལྕགས་ཟམ་ཁ་,ལུའུ་ཏིན་,,,,,,,,,,,
Luhua,,,蘆花,རྟོ་ཁོག་,,,,,,,,,,,,
Luhuo,,,爐霍,བྲག་མགོ་,,,,,,,,,,,,
Lumbini,Rummindei,,藍毗尼,ལིམྦི་ནི་,ལིམྦིནི་,རུ་མན་དེ་,,,,,,,,,,
Luqu,,,碌曲,ཀླུ་ཆུ་,,,,,,,,,,,,
Lushaer,,,魯沙爾,རུ་གསར་,,,,,,,,,,,,
Lüshun,,,旅順,རླུས་ཧྲུན་,,,,,,,,,,,,
Luwang Mountain,,,魯王山,ལུའུ་ཝང་,,,,,,,,,,,,
Ma'anshan,,,馬鞍山,རྨ་ཨན་ཧྲན་,,,,,,,,,,,,
Macao,,,澳門,ཨའོ་མན་,,,,,,,,,,,,
Madras,Chennai,,馬德拉斯,མ་ཌ་ར་སི་,མ་ཌ་ར་སེ་,མདྷ་ར་ས་,མེ་རྡི་ར་ས་,,,,,,,,,
Magadha,,,摩揭陀,མ་ག་དྷ་,,,,,,,,,,,,
Magong,,,馬公,མ་ཀུང་,,,,,,,,,,,,
Mahai,,,馬海,རྨ་ཧེ་,,,,,,,,,,,,
Maisu,,,麥宿,རྨད་ཤོད་,,,,,,,,,,,,
Maiwa,,,麦窪,རྨེ་བ་,,,,,,,,,,,,
Maizhokunggar,,,墨竹工卡,མལ་གྲོ་གུང་དཀར་,,,,,,,,,,,,
Malakand,,,馬拉根德,མ་ལ་གཱན་,,,,,,,,,,,,
Malaysia,,,馬來西亞,མ་ལ་ཡ་,མ་ལ་ཤེ་ཡ་,མ་ལ་ཤི་ཡ་,,,,,,,,,,
Malta,,,馬耳他,མལ་ཀྲ་,,,,,,,,,,,,
Manado,,,萬鴉老,དབན་ཡའ་ལའོ་,,,,,,,,,,,,
Manali,,,馬納利,མ་ན་ལི་,,,,,,,,,,,,
Mandi,,,馬恩迪,མན་དེ་,,,,,,,,,,,,
Manglawar,Maṅgalapura,,門格洛爾,མངྒ་ལོར་,མངྒ་ཝ་ར་,,,,,,,,,,,
Manmad,,,曼馬德,མན་མ་ད་,,,,,,,,,,,,
Manzhouli,,,滿洲里,མན་འཇུ་རི་ཡ་,,,,,,,,,,,,
Maoergai,,,毛兒蓋,དམུ་དགེའ་,,,,,,,,,,,,
Maowen,,,茂汶,མོང་ཝོན་,མའུ་འུན་,མའོ་འུན་,,,,,,,,,,
Maoxian,,,茂縣,མོང་ཤན་,མོང་ཤེན་,མོང་ཞན་,མའུ་རྫོང་,མའོ་ཤིའན་,,,,,,,,
Maqu,,,瑪曲,རྨ་ཆུ་,,,,,,,,,,,,
Markam,,,芒康,སྨར་ཁམས་,,,,,,,,,,,,
Mathura,,,馬圖拉,མ་ཐུ་ར་,བཅོམ་བརླག་,,,,,,,,,,,
Matiana,,,馬提阿那,མུ་ཏི་ཨ་ན་,,,,,,,,,,,,
Matsu,,,馬祖,མཱ་ཙུ་,མའ་ཙུ་,,,,,,,,,,,
Mediterranean Sea,,,地中海,ཏིའི་ཀྲུང་རྒྱ་མཚོ་,,,,,,,,,,,,
Meiwu,,,美武,དམེ་བོ་,,,,,,,,,,,,
Meixing,,,美興,མེ་ཤིན་,,,,,,,,,,,,
Mengzhuang,,,孟莊,མུང་ཀྲའང་,,,,,,,,,,,,
Menyuan,,,亹源,མིན་ཡོན་,,,,,,,,,,,,
Miami,,,邁阿密,མ་ཡ་མི་,,,,,,,,,,,,
Michigan,,,密歇根,མེ་ཤན་གྷན་,,,,,,,,,,,,
Min Mountains,,,岷山,མིན་ཧྲན་,,,,,,,,,,,,
Minhe,,,民和,མེན་ཧོ་,,,,,,,,,,,,
Minjiang,,,岷江,མིང་ཀྱཱང་,མིང་ཀྱང་,མིང་ཀྱའང་,,,,,,,,,,
Mishmi,,,米西米,མི་ཤི་མི་,,,,,,,,,,,,
Mongolia,,,蒙古,མོང་གོལ་,མང་གོལ་,སོགས་པོ་,པྱི་སོག་,སོག་པོ་,,,,,,,,
Montevideo,,,蒙得維的亞,མོང་ཏེ་ཨུ་ཏི་ཡ་,,,,,,,,,,,,
Morin Dawa Daur,,,莫力達瓦達斡爾,མོ་ལི་ཏའ་ཝ་ཏའ་ཧུར་,,,,,,,,,,,,
Morocco,,,摩洛哥,མོ་རོ་ཀོའོ་,,,,,,,,,,,,
Moscow,,,莫斯科,མོའི་སི་ཁའོ་,མའོ་སི་ཁའོ་,མོ་སི་ཁོ་,མའོ་སི་ཁོ་,མོ་སེ་ཁོ་,མོ་སི་ཁའོ་,མོ་སེ་ཀོ་,,,,,,
Mount Everest,,,珠穆朗瑪,ཇོ་མོ་གླང་མ་,,,,,,,,,,,,
Mount Heng,,,衡山,ཧིན་ཧྲན་,,,,,,,,,,,,
Mount Ilam,Ilamparvata,,伊勒姆山,ཨི་ལམ་པརྦ་ཏ་,རི་ཨི་ལོ་,,,,,,,,,,,
Mount Lu,,,廬山,ལུའུ་ཧྲན་,,,,,,,,,,,,
Mount Mogan,,,莫干山,མའོ་ཀན་ཧྲན་,,,,,,,,,,,,
Mount Pandu,Pāṇḍugiri,,白淨山,སྐྱ་བསངས་,,,,,,,,,,,,
Mount Tai,,,泰山,ཐེ་ཧྲན་,,,,,,,,,,,,
Muli,,,木里,སྨི་ལི་,རྨུ་ལི་,,,,,,,,,,,
Mumbai,Bombay,,孟買,མོང་རྨོན་,འབོམ་འབེལ་,བྷོམ་བྷེ་,བྷོམ་བྷེལ་,འབོམ་འབེ་,,,,,,,,
Mussoorie,,,穆索里,མུའུ་སུའུ་རི་,མུ་སུ་རི་,,,,,,,,,,,
Muya,,,木雅,མི་ཉག་,,,,,,,,,,,,
Muzaffarpur,,,穆扎夫法爾普爾,མུ་ཇ་ཕར་པུར་,,,,,,,,,,,,
Myanmar,,,緬甸,སྦར་མ་,འབར་མ་,སྦར་,བྷར་མ་,,,,,,,,,
Mysore,,,邁索爾,མའི་སོར་,མའེ་སའོར་,མ་ཡེ་སོར་,མ་སོར་,,,,,,,,,
Nagar Konda,Nāgārjunikoṇḍa,,龍樹丘,ན་གར་ཀོན་ཊ་,,,,,,,,,,,,
Nagchu,,,黑河,ནག་ཆུ་ཁ་,,,,,,,,,,,,
Nagqu,,,那曲,ནག་ཆུ་,,,,,,,,,,,,
Nagrota,,,納格羅塔,ནག་རོ་ཊ་,,,,,,,,,,,,
Nairobi,,,內羅畢,ནེ་རོ་སྦི་,,,,,,,,,,,,
Nalanda,,,那爛陀,ནཱ་ལན་དཱ་,ན་ལནྡཱ་,ན་ལཎ་ཌ་,,,,,,,,,,
Nam Định,,,南定,ནའན་ཏིང་,,,,,,,,,,,,
Namling,,,南木林,རྣམ་གླིང་,རྣམ་རྒྱལ་གླིང་,,,,,,,,,,,
Nanchang,,,南昌,ནན་ཁྲང་,ནན་ཕྲང་,,,,,,,,,,,
Nanji,,,南麂,ལོན་ཇིས་,,,,,,,,,,,,
Nanjing,,,南京,ནན་ཅིང་,ནའན་ཅིང་,ནན་ཅིན་,,,,,,,,,,
Nanning,,,南寧,ནའན་ནེང་,ནན་ཉིན་,,,,,,,,,,,
Nautanwa,,,瑙坦瓦,ནའོ་ཏ་ན་བ་,ནའོ་ཏ་ན་,,,,,,,,,,,
Nêdong,,,乃東,སྣེ་གདོང་,,,,,,,,,,,,
NEFA,"North-East Frontier Agency (Arunachal Pradesh), 1962, Sino-Indian War",,東北邊境特區,ནེ་ཕ་,,,,,,,,,,,,
Nenjiang,,,嫩江,ནུན་ཅང་,,,,,,,,,,,,
Nepal,,,尼泊爾,བལ་ཡུལ་,བལ་པོ་,ནེ་པཱ་ལ་,,,,,,,,,,
Netherlands,Holland,,荷蘭,ཧེ་ལན་,ཧོ་ལན་,ཧོ་ལའན་,ཧོལ་ལན་,ཧོ་ལན་ཌ་,,,,,,,,
New Delhi,,,新德里,ནིའུ་སྡི་ལི་,ལྡི་ལི་གསར་པ་,ནིའུ་ལྡི་ལི་,,,,,,,,,,
New York,,,紐約,མྱུའུ་ཡོ་,ཉོའུ་ཡོ་,ནིའུ་ཡོག་,ནིའུ་ཡོར་ཀ་,,,,,,,,,
New Zealand,,,新西蘭,ཕྱིང་ཤིས་ནན་,ཤིན་ཤིས་ལའན་,,,,,,,,,,,
Ngamring,,,昂仁,ངམ་རིང་,,,,,,,,,,,,
Ngari,,,阿里,མངའ་རིས་,,,,,,,,,,,,
Ngawa,,,阿壩,རྔ་བ་,རྔ་པ་,,,,,,,,,,,
Niandi,,,廿地,ཨེར་སྟི་,,,,,,,,,,,,
Nicaragua,,,尼加拉瓜,ནེ་ག་ར་གུ་,ནེ་གྷ་ར་གུ་,,,,,,,,,,,
Nigliva,,,尼葛利瓦,དིག་ལི་ཝ་,,,,,,,,,,,,
Ninglang,,,寧蒗,ལིན་ལའང་,,,,,,,,,,,,
Ningxia,,,寧夏,ནིང་ཤའ་,ཉིང་ཤའ་,,,,,,,,,,,
Nômhôn,,,諾木洪,ལོ་ཨར་ཧང་,ནོ་མོ་ཝན་,,,,,,,,,,,
Norway,,,挪威,ནོར་ཝའི་,,,,,,,,,,,,
Nu River,,,怒江,རྒྱལ་མོ་རྔུལ་ཆུ་,,,,,,,,,,,,
Nyang River,,,尼洋河,ཉང་ཆུ་,,,,,,,,,,,,
Nyingchi,,,林芝,ཉིང་ཁྲི་,,,,,,,,,,,,
Old Baldy,,,老禿山,སླའོ་ཐུའུ་ཧྲན་,,,,,,,,,,,,
Oman,,,阿曼,ཨ་མའན་,,,,,,,,,,,,
Oran,,,奧蘭,ཨོ་རན་,,,,,,,,,,,,
Orissa,Oḍiviśa,,奧里薩,ཨའུ་ལི་ས་,ཨོ་རི་ས་,ཨོ་ཊི་བི་ཤ་,ཨོ་ཊི་,ཨོ་རེ་ས་,,,,,,,,
Pacific Ocean,,,太平洋,ཞི་བདེ་རྒྱ་མཚོ་ཆེན་པོ་,,,,,,,,,,,,
Paektu Mountain,,,長白山,ཁྲང་པེ་ཧྲན་,ཁྲང་པེ་,,,,,,,,,,,
Pakhna,,,帕克那,པ་ཁ་ན་,,,,,,,,,,,,
Pakistan,,,巴基斯坦,པ་ཀི་སི་ཐན་,པ་ཀིསྠན་,པ་ཀྱི་སི་ཐན་,སྤ་ཅིས་སི་ཐོན་,སྤ་ཀི་སི་ཐན་,སྤ་ཀི་སི་ཏན་,སྤ་ཅིས་སྲི་དོན་,པའ་ཀི་སི་ཐའན་,པ་ཀི་སི་ཐའན་,,,,
Pamir,,,帕米爾,ཕ་མེར་,,,,,,,,,,,,
Paracel Islands,,,西沙,ཤི་ཧྲ་གླིང་ཚོམ་,,,,,,,,,,,,
Paraguay,,,巴拉圭,པའ་ལའ་ཀུའེ་,,,,,,,,,,,,
Parbatipur,,,巴爾博蒂布爾,པརྦ་ཏི་པུར་,,,,,,,,,,,,
Paris,,,巴黎,སྤ་ལིས་,སྤ་ལིའི་,,,,,,,,,,,
Pathankot,,,帕坦科特,པ་ཐཱན་ཀོ་ཊི་,པ་ཋན་ཀོ་ཊི་,,,,,,,,,,,
Patna,Pāṭaliputra,,巴特那,པ་ཊ་ཎ་,པ་ཊ་ལི་པུ་ཏྲ་,སྐྱ་ནར་བུ་,པ་ཏ་ཎ་,པུ་ལླི་རཱ་མ་,པ་ཊ་ན་,སྤ་ཊ་ན་,,,,,,
Pearl River,,,珠江,ཀྲུའུ་ཅང་,,,,,,,,,,,,
Penghu,,,澎湖,ཕིང་ཧྥུ་,ཕུན་ཧོའུ་,ཕིང་ཧུ་,ཕེང་ཧུ་,ཕུན་ཧུ་,,,,,,,,
Peshawar,,,白沙瓦,པིས་ཤྭ་ཝར་,པིས་ཤ་ཝར་,,,,,,,,,,,
Pharenda,,,珀倫達,ཕ་རེན་ད་,,,,,,,,,,,,
Phari,,,帕里,ཕག་རི་,,,,,,,,,,,,
Philadelphia,,,費城,ཧྥུས་ཁྲིན་,,,,,,,,,,,,
Philippines,,,菲律賓,ཕི་ལི་ཕིན་,ཧིས་ལུའི་སྦིན་,ཧིས་ལུ་སྤིན་,ཕི་ལི་པིན་,ཧྥས་ལེ་པིན་,ཕུས་ལུའུ་བྷིན་,ཕི་ལི་སྤིང་,,,,,,
Phnom Penh,,,金邊,སྦོམ་སྤེ་,འབོམ་བྷེ་,,,,,,,,,,,
Phú Thọ,,,富壽,ཕུ་ཧྲའོ་,,,,,,,,,,,,
Phuntsholing,,,彭錯林,ཕུན་ཚོགས་གླིང་,,,,,,,,,,,,
Pishan,,,披山,སྤོབ་ཧྲན་,,,,,,,,,,,,
Poland,,,波蘭,པོ་ལན་,སྤོ་ལན་,སྤོ་ལོན་,པོ་ལའན་,,,,,,,,,
Portugal,,,葡萄牙,སྤོའོ་ཀྲུ་གྷ་སེ་,ཕུ་ཐའོ་ཡའ་,,,,,,,,,,,
Postdam,,,波茨坦,སྤོ་སི་ཐོན་,,,,,,,,,,,,
Pratas Islands,,,東沙,ཏུང་ཧྲ་གླིང་ཚོམ་,,,,,,,,,,,,
Punjab,,,旁遮普,པའན་འཇབ་,,,,,,,,,,,,
Puri,,,普里,སྦུ་རི་,,,,,,,,,,,,
Pyeongchang,,,平昌,ཕིང་དབྲང་,,,,,,,,,,,,
Pyongyang,,,平壤,ཕིང་དབྲང་,,,,,,,,,,,,
Qagan Us,,,察汗烏蘇,ཚ་ཁ་དབུས་ཟུར་,,,,,,,,,,,,
Qaidam,,,柴達木,ཚལ་དམ་,ཚྭ་འདམ་,ཚལ་བལྟ་མོང་,,,,,,,,,,
Qaka,,,茶卡,ཚྭ་ཁ་,ཚ་ཁ་,,,,,,,,,,,
Qianning,,,乾寧,མགར་ཐར་,,,,,,,,,,,,
Qilian,,,祁連,ཆི་ལེན་,གྱི་ལིང་,,,,,,,,,,,
Qin Mountains,,,秦嶺,ཆིང་ལིན་,,,,,,,,,,,,
Qinbei,,,欽北,ཆིན་པེ་,,,,,,,,,,,,
Qingdao,,,青島,ཆིང་ཏོབ་,ཆིན་ཏོ་,,,,,,,,,,,
Qinghai,,,青海,མཚོ་སྔོན་,,,,,,,,,,,,
Qiqihar,,,齊齊哈爾,ཆི་ཆི་ཧར་,,,,,,,,,,,,
Qonggyai,,,瓊結,འཕྱོངས་རྒྱས་,,,,,,,,,,,,
Qošud Prince Banner,和碩特西前旗,,王家旗,ཝང་ཅ་ཆིས་,,,,,,,,,,,,
Quán Triều,,,關潮,ཀའོང་ཁྲའོ་,,,,,,,,,,,,
Quito,,,基多,ཇི་ཏོ་,,,,,,,,,,,,
Qüxü,,,曲水,ཆུ་ཤུར་,,,,,,,,,,,,
Rajasthan,,,拉賈斯坦,ར་ཇ་སེ་ཐན་,རཱ་ཇ་སེ་ཐན་,,,,,,,,,,,
Rajgir,Rājagṛha,,王舍城,རྒྱལ་པོའི་ཁབ་,ར་ཇི་གི་རི་,ར་ཛ་གྷི་རི་,,,,,,,,,,
Rajpur,,,拉賈普爾,ར་ཅ་པུར་,,,,,,,,,,,,
Rameswar,,,拉姆施瓦,ར་མེ་ཤྭ་ར་,,,,,,,,,,,,
Rangkou,,,壤口,བཟང་སྐར་,,,,,,,,,,,,
Rawalpindi,,,拉瓦爾品第,ར་ཝལ་སྤན་ཌི་,ར་ཝལ་པིན་ཌི་,ར་ཝལ་པན་ཌི་,རཱ་ཝལ་པཎྜི་,ར་ཝལ་སྤིན་ཌི་,ར་ཝ་ལ་སྤིན་ཌི་,,,,,,,
Raxaul,,,拉克紹爾,རག་སོལ་,,,,,,,,,,,,
Rehe,,,熱河,རེ་ཧོ་,རོ་ཧོ་,,,,,,,,,,,
Rewalsar,,,拉瓦爾薩爾,ར་བལ་སར་,མཚོ་པདྨ་,,,,,,,,,,,
Rhodesia,,,羅德西亞,རོ་ཌེ་ཤེ་ཡ་,,,,,,,,,,,,
Rio de Janeiro,,,里約熱內盧,ལི་ཡོག་རི་ནེ་ལུ་,,,,,,,,,,,,
Romania,,,羅馬尼亞,རོ་མ་ཉི་ཡ་,ལོ་རྨ་ཉིས་ཡ་,ལོ་མ་འགྱི་ཡ་,ལོ་རྨ་ཉི་ཡ་,རུ་མ་ནི་ཡ་,,,,,,,,
Ruian,,,瑞安,རུའེ་ཨའན་,,,,,,,,,,,,
Russia,,,俄羅斯,ཨོ་,ཨུ་རུ་སི་,ཨུ་རུ་སུ་,ཨུ་རུ་སུའུ་,རུ་སུ་,ཨོ་རུ་སུ་,,,,,,,
Saigon,Sài Gòn,,西貢,ས་ཡེ་གོན་,ཤིས་ཀུང་,,,,,,,,,,,
Salisbury,,,索爾茲伯里,ས་ལི་སེ་སྦད་རི་,,,,,,,,,,,,
San Francisco,,,舊金山,ཇུས་ཅིན་ཧྲན་,,,,,,,,,,,,
Sanchi,Sāñcī,,桑奇,སན་ཅི་,སན་ཇི་,,,,,,,,,,,
Sandaoqiao,,,三道橋,ཟམ་པ་གསུམ་པ་,,,,,,,,,,,,
Sanggamryŏng,"상감령, Triangle Hill",,上甘嶺,ཧྲང་ཀའན་ལིན་,ཧྲང་ཀན་ལཱེན་,ཧྲང་ཀན་ལིན་,,,,,,,,,,
Sanhezha,,,三河閘,ཧྲན་ཧོ་ཀྲ་,,,,,,,,,,,,
Sankissa,Sāṃkāśya,,僧伽施,ཤང་ཁ་ས་,,,,,,,,,,,,
Sanmenxia,,,三門峽,སའན་མན་ཞ་,,,,,,,,,,,,
Sansheng,,,三勝,ཟན་ཧྲིན་,,,,,,,,,,,,
Sarju,Sarayū,,薩拉尤河,ས་ར་ཡུ་,,,,,,,,,,,,
Sarnath,Ṛṣipatana,,鹿野苑,ས་ར་ན་ཐ་,རི་དྭཌ་ཀྱི་ནགས་ཚལ་,རྀ་ཥི་པ་ཏ་ན་,དྲང་སྲོང་ལྷུང་བ་,,,,,,,,,
Saudi Arabia,,,沙特阿拉伯,ས་ཏིས་ཨ་ར་སྦི་ཡ་,ཧྲའ་ཐི་ཨ་ལ་བེ་,,,,,,,,,,,
Scotland,,,蘇格蘭,སེ་ཀོ་ཏེ་ལན་,,,,,,,,,,,,
Sêrxü,,,石渠,སེར་ཤུལ་,,,,,,,,,,,,
Shaan-Gan-Ning,,,陝甘寧,ཧྲེའན་ཀའན་ཉིང་,,,,,,,,,,,,
Shaanxi,,,陝西,སྲན་ཤིས་,ཧྲའན་ཤིས་,ཧྲེའན་ཤིས་,ཧྲན་ཤིས་,ཧྲན་ཤིན་,,,,,,,,
Shandong,,,山東,ཧྲན་ཏུང་,,,,,,,,,,,,
Shanghai,,,上海,ཧྲང་ཧེ་,ཧྲང་ཧེད་,ཧྲང་ཧད་,ཧྲང་ཧེའི་,,,,,,,,,
Shangsi,,,上思,ཧྲང་ཟེ་,,,,,,,,,,,,
Shankardar,,,辛加達爾,ཤང་ཀར་དྷར་,,,,,,,,,,,,
Shannan,,,山南,ལྷོ་ཁ་,རི་ལྷོ་,,,,,,,,,,,
Shanxi,,,山西,ཧྲན་ཤིང་,ཧྲིན་སི་,ཧྲའན་ཤིས་,སྲན་ཤིས་,,,,,,,,,
Shenwan,,,沈灣,ཧྲིན་ཝན་,,,,,,,,,,,,
Shenyang,,,瀋陽,ཧྲིན་ཡང་,སྲིང་ཡང་,ཧྲིའན་ཡང་,ཧྲིན་ཡཱང་,ཧྲེན་ཡང་,,,,,,,,
Shigatse,,,日喀則,གཞིས་ཀ་རྩི་,གཞིས་རྩེ་,,,,,,,,,,,
Shijingshan,,,石景山,ཤི་ཀྱིན་ཤན་,,,,,,,,,,,,
Shillong,,,西隆,ཤེ་ལོང་,,,,,,,,,,,,
Shimla,,,西姆拉,སིམ་ལ་,,,,,,,,,,,,
Shiwan Mountain,,,十萬大山,ཧྲེ་ཝང་,,,,,,,,,,,,
Shravasti,Saheṭh-Maheṭh,,舍衛城,མཉན་ཡོད་,ཤྲཝསྟི་,ས་ཧེ་ཊ་མ་ཧེད་,,,,,,,,,,
Siang,,,桑朗,སི་ཡང་,,,,,,,,,,,,
Sichuan,,,四川,སི་ཁྲོན་,ཟི་ཁྲོན་,སི་ཐྲན་,སི་ཐྲྭན་,སི་ཁྲུའན་,སི་ཁྲུན་,སི་ཁྲུའན་,,,,,,
Siheji,,,四合吉,སག་སྐྱིད་,,,,,,,,,,,,
Sikkim,,,錫金,འབྲས་ལྗོངས་,,,,,,,,,,,,
Siliguri,,,西里古里,སི་ལི་གོ་རིའི་,ཤི་ལི་གུ་རི་,,,,,,,,,,,
Singapore,,,新加坡,སིངྒ་པུར་,སིང་གྷ་སྤུར་,,,,,,,,,,,
Situ,,,四土,ཁག་བཞི་,,,,,,,,,,,,
Songgang,,,松崗,རྫོང་འགག་,,,,,,,,,,,,
Songhua River,,,松花江,སུན་ཧྭ་ཅང་,,,,,,,,,,,,
Songjiang,,,松江,སུང་ཅང་,,,,,,,,,,,,
Songpan,,,松潘,ཟུང་ཆུ་,སུང་ཕན་,,,,,,,,,,,
Songshan,,,松山,སུང་ཟན་,,,,,,,,,,,,
Songzong,,,松宗,བསམ་རྫོང་,,,,,,,,,,,,
South China Sea,,,南海,ལྷོའི་རྒྱ་མཚོ་,,,,,,,,,,,,
Soviet Union,,,蘇聯,སུ་ལིན་,སུའུ་ལེན་,སུའུ་ཝེ་རྔད་,སུའུ་ལིའན་,སུའུ་ཝའི་ཨའི་,སུའུ་ཝེ་ཨད་,སྲུའུ་ལཱིན་,,,,,,
Spain,,,西班牙,ཤིས་པན་ཡ་,,,,,,,,,,,,
Spratly Islands,,,南沙,ནན་ཧྲ་གླིང་ཚོམ་,,,,,,,,,,,,
Sri Lanka,"Simhala, Ceylon",,斯里蘭卡,སིང་ག་ལ་,ཤི་ལང་,ཤེ་ལན་,སེ་ལོང་,ཤིས་ལོན་,སི་རི་ན་གྷ་,སིངྒལའི་གླིང་,སངྒི་ལ་,སེངྒ་ལ་,,,,
Stockholm,,,斯德哥爾摩,སྲི་ཏེ་ཀའོ་ཨར་རྨོ་,,,,,,,,,,,,
Subei,,,蘇北,ཞུ་པེ་,,,,,,,,,,,,
Sudan,,,蘇丹,སུའི་ཏོན་,,,,,,,,,,,,
Sugauli,,,蘇高利,ས་གོ་ལི་,སི་རྒོ་ལི་,,,,,,,,,,,
Suiyuan,,,綏遠,སུའེ་ཡུའན་,སེའུ་ཡོན་,,,,,,,,,,,
Sujitan,,,蘇吉灘,སུའུ་ཅི་ཐང་,སུ་ཅི་ཐང་,སུའུ་ཇི་ཐའན་,,,,,,,,,,
Sulawesi,,,蘇拉威西,སུའུ་ལའ་ཨུའེ་ཤིས་,,,,,,,,,,,,
Sultanganj,,,蘇爾唐甘傑,སུལ་ཏན་གན་ཇི་,སུ་ཏན་གྷན་ཇི་,,,,,,,,,,,
Sumatra,Suvarṇadvīpa,,蘇門答臘,སུམ་ཏར་,གསེར་གླིང་,སུའུ་མན་ཏའ་ལ་,,,,,,,,,,
Sun Moon Lake,,,日月潭,རི་ཡོ་ཐན་,,,,,,,,,,,,
Suomo,,,梭磨,སོ་མོ་,སོ་མང་,,,,,,,,,,,
Suonaihe,,,索乃核,སོ་ནག་,,,,,,,,,,,,
Swat,Uḍegrām,,斯瓦特,སྭཏ་,ས་བ་ཏ་,ཨོ་ཌི་གྲམ་,,,,,,,,,,
Sweden,,,瑞典,ཧྲུའི་ཏོན་,,,,,,,,,,,,
Swiss,,,瑞士,རུའེ་སི་,སུའེ་དན་,,,,,,,,,,,
Syria,,,敘利亞,བྱུས་ལིས་ཡ་,སི་རི་ཡ་,,,,,,,,,,,
Tabo-Kongpo,,,塔工,དྭགས་ཀོང་,,,,,,,,,,,,
Taichung,,,臺中,ཐེ་ཀྲུང་,,,,,,,,,,,,
Taihang Mountains,,,太行山,ཐེ་ཧང་ཧྲན་,,,,,,,,,,,,
Tainan,,,臺南,ཐེ་ནན་,,,,,,,,,,,,
Taipei,,,臺北,ཐེ་པེ་,,,,,,,,,,,,
Taiwan,,,臺灣,ཐེ་ཝན་,ཐའི་ཝན་,ཐེ་ཝེན་,ཐའི་དབན་,,,,,,,,,
Taiyuan,,,太原,ཐེ་ཡོན་,ཐའི་ཡཱུན་,ཐའེ་ཡོན་,,,,,,,,,,
Tajikistan,,,塔吉克斯坦,ཏུ་ཀི་སི་ཐན་,ཐའ་ཅི་ཁའོ་,,,,,,,,,,,
Taklung,,,達隆,སྟག་ལུང་,,,,,,,,,,,,
Taksing,,,塔克辛,སྟག་སིང་,,,,,,,,,,,,
Tamil,,,泰米爾,ཐའི་རྨིར་,,,,,,,,,,,,
Tangola,,,唐古拉,ཐང་ཀུ་ལྷ་,ཐང་ལྷ་,,,,,,,,,,,
Taobei,,,洮北,ཐོ་པེ་,,,,,,,,,,,,
Tarim,,,塔里木,ཐཱ་ལི་མི་,,,,,,,,,,,,
Tawa,,,塔窪,མཐའ་བ་,,,,,,,,,,,,
Tawang,,,塔汪,རྟ་ཝང་,,,,,,,,,,,,
Taxila,Takṣaśilā,,塔克西拉,ཏག་སི་ལ་,རྡོ་འཇོག་,,,,,,,,,,,
Tehran,,,德黑蘭,དེའི་ཤེ་ལོན་,,,,,,,,,,,,
Tenali,,,泰納利,ཊེ་ན་ལི་,,,,,,,,,,,,
Tengri Tagh,,,天山,ཐེན་ཧྲན་,,,,,,,,,,,,
Tezpur,,,提斯浦爾,ཏི་ཛི་པུར་,ཏི་ཛི་སྤུར་,,,,,,,,,,,
Thailand,Siam,,泰國,ཐའི་ལནྜ་,ཐེ་ལེན་,ཐའི་ལན་,ཐའི་ལནཌ་,ཐེ་གོ་,ཐེའི་རྒྱལ་ཁབ་,ཤྱམ་ཡུལ་,སི་ཡམ་,ཐེ་ཀོ་,ཐ་ལན་ཌི་,ཐ་ལན་ཌ་,,
The Hague,Den Haag,,海牙,རྡི་ཧ་རྒུ་,,,,,,,,,,,,
Tianjin,,,天津,ཐེན་ཅིན་,ཐན་ཅིན་,ཐཱིན་ཅིན་,,,,,,,,,,
Tianshui,,,天水,ཐེན་ཧྥེ་,,,,,,,,,,,,
Tibet,,,西藏,བོད་,ཤིས་གཙང་,དབུས་གཙང་,,,,,,,,,,
Tingri,,,定日,དིང་རི་,,,,,,,,,,,,
Tokyo,,,東京,ཊོ་ཀེའོ་,ཀྲོག་ཀྱོ་,,,,,,,,,,,
Tongde,,,同德,ཐུན་ཏེ་,,,,,,,,,,,,
Tongliao,,,通遼,ཐུང་མིའོ་,,,,,,,,,,,,
Tongren,Rebgong 熱貢,,同仁,རེབ་ཀོང་,རེབ་གོང་,ཐུན་རིན་,ཐོང་རིན་,,,,,,,,,
Tongtian River,,,通天河,ཐོན་ཆུ་,,,,,,,,,,,,
Tongxian,,,通縣,ཐོང་ཤན་,,,,,,,,,,,,
Tongxin,,,同心,ཐུང་ཤིན་,,,,,,,,,,,,
Travancore,,,特拉凡哥爾,ཐེ་ལ་ཧྥུན་ཀའོ་ཨར་,,,,,,,,,,,,
Tripoli,,,的黎波里,ཏི་ལེ་པོ་ལི་,,,,,,,,,,,,
Tsetang,,,澤当,རྩེ་དིང་,རྩེ་ཐང་,རྩེད་ཐང་,,,,,,,,,,
Tsona,,,錯那,ཆུ་སྣ་,,,,,,,,,,,,
Turkey,,,土耳其,ཐུར་ཀེ་,ཐོ་ཨར་ཆིས་,ཏུར་ཀི་,ཀྲར་ཀི་,,,,,,,,,
Uganda,,,烏干達,ཨུ་ཀའན་ཏའ་,,,,,,,,,,,,
Ujjain,Ujjayinī,,烏賈因,ཨུ་ཇེན་,འཕགས་རྒྱལ་,,,,,,,,,,,
Ukraine,,,烏克蘭,ཨུ་ཁའོ་ལའན་,,,,,,,,,,,,
Ulaanbaatar,,,烏蘭巴托,ཨུའུ་ལན་པ་ཐོ་,,,,,,,,,,,,
Ulan,,,烏蘭,ཨོ་ལན་,,,,,,,,,,,,
Ulanhad,,,赤峯,ཁྲི་ཕེའང་,,,,,,,,,,,,
Uruguay,,,烏拉圭,ཨུ་རུ་ཀོའེ་,,,,,,,,,,,,
Ürümqi,,,烏魯木齊,ཨུ་རུམ་ཆིས་,ཨུ་རུ་མུ་ཆི་,ཨུ་ལུའུ་མུ་ཆི་,ཨུའུ་ལུ་མུ་ཆི་,བོའུ་ལོའུ་མོའུ་ཆིས་,,,,,,,,
Ussuri River,,,烏蘇里江,ཝུ་སུའུ་ལི་ཅང་,,,,,,,,,,,,
Vajrāsana,,,金剛座,རྡོ་རྗེ་གདན་,,,,,,,,,,,,
Varanasi,Benares,,瓦拉納西,ཝ་ར་ཎ་སི་,ཝ་ར་ཎཱ་སི་,བི་ན་ར་སི་,པི་ན་ར་སི་,ཝཱ་ར་ཎཱ་སི་,ཝར་ཎསི་,,,,,,,
Venezuela,,,委內瑞拉,ཝེ་ནེ་ཟུའི་ལ་,,,,,,,,,,,,
Vesali,Vaiśālī,,毘舍離,བཻ་ཤྱ་ལི་,ཡངས་པ་ཅན་,,,,,,,,,,,
Vienna,,,維也納,འུའི་ཡེ་ལ་,,,,,,,,,,,,
Vientiane,,,萬象,ཝིན་ཏན་,,,,,,,,,,,,
Vietnam,,,越南,ཡོ་ནན་,ཝི་ཊ་ནམ་,ཝེཊ་ནམ་,ཡའོ་ནན་,ཡུ་ལན་,ཡུ་ནན་,གཡོད་ནའན་,གཡོད་ནཱན་,བི་དི་ནམ་,བི་ད་ནམ་,བི་ནམ་,གཡོད་ནན་,
Vijayawada,Bezwada,,維傑亞瓦達,རྦེ་ཟ་བ་ད་,བེ་ཟ་ད་,བེ་ཟ་ཝ་ད་,,,,,,,,,,
Virginia,,,弗吉尼亞,ཕའེ་ཅི་ནི་ཡ་,,,,,,,,,,,,
Vulture Peak,Gṛdhrakūṭa,,靈鷲山,གིརྫཀུཊི་,བྱ་རྒོད་ཕུང་པོ་,,,,,,,,,,,
Walong,,,瓦弄,ཝ་ལུང་,,,,,,,,,,,,
Wangguo,,,王果,བོང་སྐོར་,,,,,,,,,,,,
Wangjia,,,王家,བང་རྒྱ་,,,,,,,,,,,,
Warsaw,,,華沙,ཧྭ་ཧྲ་,,,,,,,,,,,,
Washington,,,華盛頓,ཝ་ཤིང་ཊོན་,ཝ་ཤིང་ཀྲོན་,ཧའོ་སེ་ཀྲོན་,,,,,,,,,,
Wenchuan,,,汶川,བོན་ཁྲན་,ཝོན་ཆན་,འུན་ཁྲུའན་,འུན་ཁྲོའན་,,,,,,,,,
Wenshan,,,文山,འུན་ཧྲན་,,,,,,,,,,,,
Wu Mountains,,,巫山,ཝུ་ཧྲན་,,,,,,,,,,,,
Wuhan,,,武漢,ཨུ་ཧན་,ཨུའི་ཧོན་,ཨུ་ཧའན་,ཝུ་ཧན་,,,,,,,,,
Wuzhong,,,吳忠,ཨུ་ཀྲུང་,,,,,,,,,,,,
Xangdê,,,香日德,སྦྱང་རི་སྡེ་,,,,,,,,,,,,
Xarag,,,夏日哈,ཤ་རུ་ཁ་,,,,,,,,,,,,
Xi Lake,,,西湖,ཞི་ཧུ་,,,,,,,,,,,,
Xialatuo,,,蝦拉沱,ཤར་ར་ཐང་,,,,,,,,,,,,
Xi'an,,,西安,ཤིས་ཨན་,,,,,,,,,,,,
Xiangcheng,,,鄉城,ཆ་ཕྲེང་,,,,,,,,,,,,
Xianyang,,,咸陽,ཞའན་ཡང་,,,,,,,,,,,,
Xiaojin,,,小金,བཙན་ལྷ་,བརྩན་ལྷ་,,,,,,,,,,,
Xiaoliang Mountain,,,小涼山,ཤའོ་ལིའན་ཧྲན་,,,,,,,,,,,,
Xibusha,,,西卜沙,དཔྱིད་ས་,,,,,,,,,,,,
Xikang,,,西康,ཤིས་ཁམས་,ཤིའི་ཁམས་,,,,,,,,,,,
Xinduqiao,,,新都橋,ར་རྔ་ཁ་,རྭ་རྔ་ཁ་,,,,,,,,,,,
Xinghai,,,興海,ཞིན་ཧེ་,,,,,,,,,,,,
Xining,,,西寧,ཤིས་ལིང་,ཟི་ལིང་,,,,,,,,,,,
Xinjiang,,,新疆,ཤིན་ཅང་,ཤིང་ཅང་,ཤིང་བྱང་,,,,,,,,,,
Xinlong,,,新龍,ཉག་རོང་,,,,,,,,,,,,
Xinlu Hai,,,新路海,ཡིད་ལྷུང་ལྷ་མཚོ་,,,,,,,,,,,,
Xireg,,,希里溝,ཤིས་ལིས་ཁུག་,,,,,,,,,,,,
Xishuangbanna,,,西雙版納,ཤིས་ཧྲུང་པཱན་ན་,ཤིས་ཧྲུང་པཱན་ལ་,ཤིས་ཧྲོང་པན་ན་,,,,,,,,,,
Xuecheng,,,薛城,ཤོ་ཁྲིན་,,,,,,,,,,,,
Xuzhou,,,徐州,བྱུས་ཀྲུའུ་,,,,,,,,,,,,
Ya'an,,,雅安,གཡག་རྔན་,དབྱ་ཨན་,,,,,,,,,,,
Yadong,,,亞東,གྲོ་མོ་,,,,,,,,,,,,
Yajiang,,,雅江,ཉག་ཆུ་ཁ་,,,,,,,,,,,,
Yalong River,,,雅礱江,ཉག་ཆུ་,,,,,,,,,,,,
Yamuna River,,,亞穆納河,ཡ་མུ་ན་,,,,,,,,,,,,
Yamzho Yumco,,,羊卓雍措,ཡ་འབྲོག་གཡུ་མཚོ་,,,,,,,,,,,,
Yan'an,,,延安,ཡན་ཨན་,གཡག་རྔན་,,,,,,,,,,,
Yanbian,,,延邊,ཡན་པན་,,,,,,,,,,,,
Yanchi,,,鹽池,ཡའན་ཁྲི་,,,,,,,,,,,,
Yangon,,,仰光,རན་གུན་,,,,,,,,,,,,
Yangshuo,,,陽朔,གཡང་ཧྲོའོ་,,,,,,,,,,,,
Yangtze River,,,長江,ཁྲང་ཅང་,འབྲི་ཆུ་,,,,,,,,,,,
Yarlung Tsangpo,,,雅魯藏布,ཡར་ལུང་གཙང་པོ་,ཡར་ཀླུང་གཙང་པོ་,,,,,,,,,,,
Yellow Mountain,,,黃山,ཧོང་ཧྲན་,,,,,,,,,,,,
Yellow River,,,黃河,རྨ་ཆུ་,,,,,,,,,,,,
Yellow Sea,,,黃海,རྒྱ་མཚོ་སེར་པོ་,,,,,,,,,,,,
Yemen,,,也門,གཡེ་མིང་,ཡེ་མན་,,,,,,,,,,,
Yidun,,,義敦,སྟག་ཤོད་,,,,,,,,,,,,
Yijiangshan,,,一江山,ཡིད་ཅང་ཧྲན་,,,,,,,,,,,,
Yinchuan,,,銀川,ཡེན་ཁྲུའན་,ཡིན་ཁྲུའན་,,,,,,,,,,,
Yugoslavia,,,南斯拉夫,ནན་སི་ལ་ཧྥུ་,ལོན་སི་ལ་ཧྥུ་,ཡོ་གོ་སིལ་ཝི་ཡ་,ནའན་སི་ལ་ཕུའུ་,ནའན་སི་ལ་ཕུ་,ཡུ་གོ་སེ་ལ་བི་,,,,,,,
Yulin,,,榆林,ཡུས་ལིན་,,,,,,,,,,,,
Yumen,,,玉門,ཡུ་མུན་,,,,,,,,,,,,
Yungui Plateau,,,雲貴高原,ཡུན་གུས་ས་མཐོ་,,,,,,,,,,,,
Yunnan,,,雲南,ཡུན་ནན་,ཡུན་ལེན་,ཡུན་ནའན་,ཡུལ་ནའན་,ཡུན་ནཱན་,,,,,,,,
Yushan,,,漁山,ཡུས་ཧྲན་,,,,,,,,,,,,
Yushu,,,玉樹,ཡུས་ཧྲུ་,ཡུས་ཤུལ་,,,,,,,,,,,
Yuwang,,,豫旺,གཡུའི་དབང་,,,,,,,,,,,,
Zagunao,,,雜谷腦,བཀྲ་ཤིས་གླིང་,,,,,,,,,,,,
Zêkog,,,澤庫,རྩེ་ཁོག་,ཚས་ཁུའུ་,,,,,,,,,,,
Zhamu,,,扎木,གྲ་མོང་,,,,,,,,,,,,
Zhanang,,,扎囊,གྲ་ནང་,,,,,,,,,,,,
Zhangjiakou,,,張家口,ཀྲང་གྱ་ཁུག་,,,,,,,,,,,,
Zhejiang,,,浙江,གྲེ་ཅང་,ཀྲེའི་ཅང་,ཀྲའེ་ཅང་,གྲེད་ཅང་,,,,,,,,,
Zhengzhou,,,鄭州,ཀྲིན་ཀྲིག་,གྲིན་ཀྲུའུ་,,,,,,,,,,,
Zhijin,,,織金,དྲི་ཅིན་,,,,,,,,,,,,
Zhizongjia,in Qaidam Basin,,只宗家,ཙི་ཀྲུང་རྐྱ་,,,,,,,,,,,,
Zhongdian,,,中甸,རྒྱལ་ཐང་,,,,,,,,,,,,
Zhongjiang,,,中江,ཀྲུང་ཅང་,,,,,,,,,,,,
Zhongsha Islands,,,中沙,ཀྲུང་ཧྲ་གླིང་ཚོམ་,,,,,,,,,,,,
Zhouqu,,,舟曲,འབྲུག་ཆུ་,,,,,,,,,,,,
Zhoushan,,,舟山,ཀྲོའོ་སྲན་,,,,,,,,,,,,
Zhuokeji,,,卓克基,མཆོག་བརྩེ་,མཆོག་རྩེ་,,,,,,,,,,,
Zhuotou,,,卓頭,དྲོ་ཐའོ་,,,,,,,,,,,,
Zhuwo,,,朱倭,ཏྲེ་ཧོར་,,,,,,,,,,,,
Zoige,,,若爾蓋,མཛོད་དགེ་,མཛོད་རྒེ་,མཛོ་རྒེ་,མཛེས་རྒེ་,,,,,,,,,
Zongde,,,宗德,གཙང་སྟོད་,,,,,,,,,,,,
